-- Evolution des parametres systemes par client
-- Table générique pour support de client par système.

CREATE TABLE CLIENT    (
     CODE_CLIENT VARCHAR (50)  NOT NULL ,
     NOM VARCHAR (500) ,
     CODE_CLIENT_PARENT VARCHAR (50) ,
     CREE_PAR VARCHAR (200) ,
     DATE_CREATION DATE ,
     MODIFIE_PAR VARCHAR (200) ,
     DATE_MODIFICATION DATE ,
     VERSION INTEGER
    )
;


ALTER TABLE CLIENT
    ADD CONSTRAINT CLIENT_PK PRIMARY KEY ( CODE_CLIENT ) ;

ALTER TABLE CLIENT
    ADD CONSTRAINT CLIENT_CLIENT_FK FOREIGN KEY
    (
     CODE_CLIENT_PARENT
    )
    REFERENCES CLIENT
    (
     CODE_CLIENT
    )
;








-- facette rapport

CREATE SEQUENCE RAPPORT_RESULTAT_SEQ 
    START WITH 1000 
    INCREMENT BY 1 
;

CREATE SEQUENCE RAPPORT_METADONNEE_SEQ 
    START WITH 1000 
    INCREMENT BY 1 
;

CREATE SEQUENCE RAPPORT_TRAITEMENT_SEQ 
    START WITH 1000 
    INCREMENT BY 1 
;

CREATE SEQUENCE RAPPORT_GABARIT_SEQ 
    START WITH 1000 
    INCREMENT BY 1 
;

CREATE TABLE RAPPORT_METADONNEE 
    ( 
     ID INTEGER  NOT NULL , 
     CODE_APPLICATION VARCHAR (20 )  NOT NULL , 
     PARENT_ID INTEGER , 
     NOM VARCHAR (300 )  NOT NULL , 
     NOM_CLASSE_TRAITEMENT VARCHAR (50 ) , 
     CODE_STATUT VARCHAR (1 ) , 
     CODE_TYPE_METADONNEE VARCHAR (20 ) , 
     ORDRE_AFFICHAGE INTEGER , 
     CODE_MODE_RESULTAT VARCHAR (20 ) NOT NULL, 
     IS_TOTALISABLE INTEGER DEFAULT 0,
     CREE_PAR VARCHAR (200 ) DEFAULT 'system' NOT NULL , 
     DATE_CREATION TIMESTAMP DEFAULT sysdate NOT NULL , 
     MODIFIE_PAR VARCHAR (200 ) , 
     DATE_MODIFICATION TIMESTAMP , 
     VERSION INTEGER NOT NULL
    ) 
     
;



ALTER TABLE RAPPORT_METADONNEE 
    ADD CONSTRAINT RAPPORT_METADONNEE_PK PRIMARY KEY ( ID ) ;



CREATE TABLE RAPPORT_RESULTAT 
    ( 
     ID INTEGER  NOT NULL , 
     CODE_APPLICATION VARCHAR (20 )  NOT NULL , 
     CODE_CLIENT VARCHAR (50 )  NOT NULL , 
     RAPPORT_METADONNEE_ID INTEGER  NOT NULL , 
     VALEUR VARCHAR (20 )  NOT NULL , 
     DATE_RESULTAT TIMESTAMP NOT NULL, 
     NOMBRE_PERIODE INTEGER NOT NULL, 
     CREE_PAR VARCHAR (200 ) DEFAULT 'system' NOT NULL , 
     DATE_CREATION TIMESTAMP DEFAULT sysdate NOT NULL , 
     MODIFIE_PAR VARCHAR (200 ) , 
     DATE_MODIFICATION TIMESTAMP , 
     VERSION INTEGER NOT NULL
    ) 
     
;



ALTER TABLE RAPPORT_RESULTAT 
    ADD CONSTRAINT RAPPORT_RESULTAT_PK PRIMARY KEY ( ID ) ;

CREATE TABLE RAPPORT_TRAITEMENT 
    ( 
     ID INTEGER  NOT NULL , 
     CODE_APPLICATION VARCHAR (20 )  NOT NULL , 
     CODE_CLIENT VARCHAR (50 )  NOT NULL , 
     RAPPORT_METADONNEE_ID INTEGER  NOT NULL , 
     CODE_ETAT_TRAITEMENT VARCHAR (20 )  NOT NULL , 
     DATE_TRAITEMENT TIMESTAMP NOT NULL, 
     NOMBRE_PERIODE INTEGER NOT NULL, 
     CREE_PAR VARCHAR (200 ) DEFAULT 'system' NOT NULL , 
     DATE_CREATION TIMESTAMP DEFAULT sysdate NOT NULL , 
     MODIFIE_PAR VARCHAR (200 ) , 
     DATE_MODIFICATION TIMESTAMP , 
     VERSION INTEGER NOT NULL
    ) 
     
;



ALTER TABLE RAPPORT_TRAITEMENT 
    ADD CONSTRAINT RAPPORT_TRAITEMENT_PK PRIMARY KEY ( ID ) ;

CREATE TABLE RAPPORT_GABARIT 
    ( 
     ID INTEGER  NOT NULL , 
     CODE_APPLICATION VARCHAR (20 )  NOT NULL , 
     CODE_CLIENT VARCHAR (50 ) NOT NULL , 
     CODE_GABARIT VARCHAR (50)  NOT NULL , 
     NOM VARCHAR (300 ) NOT NULL, 
     CODE_STATUT VARCHAR (1 ) , 
     CREE_PAR VARCHAR (200 ) DEFAULT 'system' NOT NULL , 
     DATE_CREATION TIMESTAMP DEFAULT sysdate NOT NULL , 
     MODIFIE_PAR VARCHAR (200 ) , 
     DATE_MODIFICATION TIMESTAMP , 
     VERSION INTEGER NOT NULL
    ) 
     
;



ALTER TABLE RAPPORT_GABARIT 
    ADD CONSTRAINT RAPPORT_GABARIT_PK PRIMARY KEY ( ID ) ;


ALTER TABLE RAPPORT_GABARIT 
    ADD CONSTRAINT RAPPORT_GABARIT__UN UNIQUE ( CODE_APPLICATION , CODE_CLIENT , CODE_GABARIT ) ;


CREATE TABLE RAPPORT_GABARIT_METADONNEE 
    ( 
     RAPPORT_GABARIT_ID INTEGER  NOT NULL , 
     RAPPORT_METADONNEE_ID INTEGER  NOT NULL 
    ) 
     
;



ALTER TABLE RAPPORT_GABARIT_METADONNEE 
    ADD CONSTRAINT RAPPORT_GABARIT_METADONNEE_PK PRIMARY KEY ( RAPPORT_GABARIT_ID, RAPPORT_METADONNEE_ID ) ;




ALTER TABLE RAPPORT_GABARIT_METADONNEE 
    ADD CONSTRAINT RAPPORT_METADONNEE_FK FOREIGN KEY 
    ( 
     RAPPORT_METADONNEE_ID
    ) 
    REFERENCES RAPPORT_METADONNEE 
    ( 
     ID
    ) 
    
;


ALTER TABLE RAPPORT_GABARIT_METADONNEE 
    ADD CONSTRAINT RAPPORT_GABARIT_FK FOREIGN KEY 
    ( 
     RAPPORT_GABARIT_ID
    ) 
    REFERENCES RAPPORT_GABARIT 
    ( 
     ID
    ) 
    
;


ALTER TABLE RAPPORT_RESULTAT 
    ADD CONSTRAINT RR_APPLICATION_FK FOREIGN KEY 
    ( 
     CODE_APPLICATION
    ) 
    REFERENCES APPLICATION 
    ( 
     CODE_APPLICATION
    ) 
    
;


ALTER TABLE RAPPORT_RESULTAT 
    ADD CONSTRAINT RR_RAPPORT_METADONNEE_FK FOREIGN KEY 
    ( 
     RAPPORT_METADONNEE_ID
    ) 
    REFERENCES RAPPORT_METADONNEE 
    ( 
     ID
    ) 
    
;

ALTER TABLE RAPPORT_RESULTAT 
    ADD CONSTRAINT RR_CLIENT_FK FOREIGN KEY 
    ( 
     CODE_CLIENT
    ) 
    REFERENCES CLIENT 
    ( 
     CODE_CLIENT
    ) 
;


ALTER TABLE RAPPORT_TRAITEMENT 
    ADD CONSTRAINT RT_APPLICATION_FK FOREIGN KEY 
    ( 
     CODE_APPLICATION
    ) 
    REFERENCES APPLICATION 
    ( 
     CODE_APPLICATION
    ) 
    
;

ALTER TABLE RAPPORT_TRAITEMENT 
    ADD CONSTRAINT RT_CLIENT_FK FOREIGN KEY 
    ( 
     CODE_CLIENT
    ) 
    REFERENCES CLIENT 
    ( 
     CODE_CLIENT
    ) 
;


ALTER TABLE RAPPORT_METADONNEE 
    ADD CONSTRAINT RM_APPLICATION_FK FOREIGN KEY 
    ( 
     CODE_APPLICATION
    ) 
    REFERENCES APPLICATION 
    ( 
     CODE_APPLICATION
    ) 

;


ALTER TABLE RAPPORT_METADONNEE 
    ADD CONSTRAINT RM_RAPPORT_METADONNEE_FK FOREIGN KEY 
    ( 
     PARENT_ID
    ) 
    REFERENCES RAPPORT_METADONNEE 
    ( 
     ID
    ) 
    
;


ALTER TABLE RAPPORT_GABARIT 
    ADD CONSTRAINT RG_APPLICATION_FK FOREIGN KEY 
    ( 
     CODE_APPLICATION
    ) 
    REFERENCES APPLICATION 
    ( 
     CODE_APPLICATION
    ) 
    
;

ALTER TABLE RAPPORT_GABARIT 
    ADD CONSTRAINT RAPPORT_GABARIT_CLIENT_FK FOREIGN KEY 
    ( 
     CODE_CLIENT
    ) 
    REFERENCES CLIENT 
    ( 
     CODE_CLIENT
    ) 
;
-- Facette Securite - client
INSERT INTO CLIENT(CODE_CLIENT, NOM) VALUES ('CLI','Client Racine');
INSERT INTO CLIENT(CODE_CLIENT, NOM, CODE_CLIENT_PARENT) VALUES ('CLI1','Client 1', 'CLI');
INSERT INTO CLIENT(CODE_CLIENT, NOM, CODE_CLIENT_PARENT) VALUES ('CLI11','Client 11', 'CLI1');
INSERT INTO CLIENT(CODE_CLIENT, NOM, CODE_CLIENT_PARENT) VALUES ('CLI2','Client 2', 'CLI');
INSERT INTO CLIENT(CODE_CLIENT, NOM, CODE_CLIENT_PARENT) VALUES ('CLI3','Client 3', 'CLI');

-- Facette Rapport
-- Pour les tests junit. Tout changement peut avoir un impact sur l'exécution des tests.

INSERT INTO RAPPORT_METADONNEE (ID, CODE_APPLICATION, NOM, CODE_STATUT, ORDRE_AFFICHAGE, CODE_TYPE_METADONNEE, CODE_MODE_RESULTAT, CREE_PAR, DATE_CREATION, VERSION) 
VALUES (1, 'BIDON', 'root', 'A', 1, 'POURCENTAGE', 'SIMPLE', 'moi', sysdate, 1);
INSERT INTO RAPPORT_METADONNEE (ID, CODE_APPLICATION, NOM, CODE_STATUT, PARENT_ID, ORDRE_AFFICHAGE, CODE_TYPE_METADONNEE, CODE_MODE_RESULTAT, CREE_PAR, DATE_CREATION, VERSION) 
VALUES (2, 'BIDON', 'section1', 'A', 1, 1, 'COMPTE', 'SOMME', 'moi', sysdate, 1);
INSERT INTO RAPPORT_METADONNEE (ID, CODE_APPLICATION, NOM, CODE_STATUT, PARENT_ID, ORDRE_AFFICHAGE, CODE_TYPE_METADONNEE, CODE_MODE_RESULTAT, CREE_PAR, DATE_CREATION, VERSION) 
VALUES (3, 'BIDON', 'section2', 'A', 1, 2, 'COMPTE', 'SOMME', 'moi', sysdate, 1);
INSERT INTO RAPPORT_METADONNEE (ID, CODE_APPLICATION, NOM, CODE_STATUT, PARENT_ID, ORDRE_AFFICHAGE, CODE_TYPE_METADONNEE, CODE_MODE_RESULTAT, CREE_PAR, DATE_CREATION, VERSION) 
VALUES (4, 'BIDON', 'section21', 'A', 3, 1, 'COMPTE', 'SOMME', 'moi', sysdate, 1);
INSERT INTO RAPPORT_METADONNEE (ID, CODE_APPLICATION, NOM, CODE_STATUT, PARENT_ID, ORDRE_AFFICHAGE, CODE_TYPE_METADONNEE, CODE_MODE_RESULTAT, CREE_PAR, DATE_CREATION, VERSION)
VALUES (5, 'BIDON', 'section12', 'A', 2, 2, 'COMPTE', 'SOMME', 'moi', sysdate, 1);
INSERT INTO RAPPORT_METADONNEE (ID, CODE_APPLICATION, NOM, CODE_STATUT, PARENT_ID, ORDRE_AFFICHAGE, CODE_TYPE_METADONNEE, CODE_MODE_RESULTAT, CREE_PAR, DATE_CREATION, VERSION) 
VALUES (6, 'BIDON', 'section13', 'A', 2, 3, 'COMPTE', 'SOMME', 'moi', sysdate, 1);
INSERT INTO RAPPORT_METADONNEE (ID, CODE_APPLICATION, NOM, CODE_STATUT, PARENT_ID, ORDRE_AFFICHAGE, CODE_TYPE_METADONNEE, CODE_MODE_RESULTAT, CREE_PAR, DATE_CREATION, VERSION) 
VALUES (7, 'BIDON', 'section11', 'A', 2, 1, 'COMPTE', 'SOMME', 'moi', sysdate, 1);
INSERT INTO RAPPORT_METADONNEE (ID, CODE_APPLICATION, NOM, CODE_STATUT, PARENT_ID, ORDRE_AFFICHAGE, CODE_TYPE_METADONNEE, CODE_MODE_RESULTAT, CREE_PAR, DATE_CREATION, VERSION) 
VALUES (8, 'BIDON', 'section3', 'A', 1, 3, 'COMPTE', 'SOMME', 'moi', sysdate, 1);

INSERT INTO RAPPORT_GABARIT (ID, CODE_APPLICATION, CODE_CLIENT, CODE_GABARIT, NOM, CODE_STATUT, CREE_PAR, DATE_CREATION, VERSION) VALUES (1, 'BIDON', 'CLI', 'GAB1', 'gabarit1', 'A', 'moi', sysdate, 1);
INSERT INTO RAPPORT_GABARIT (ID, CODE_APPLICATION, CODE_CLIENT, CODE_GABARIT, NOM, CODE_STATUT, CREE_PAR, DATE_CREATION, VERSION) VALUES (2, 'BIDON', 'CLI', 'GAB2', 'gabarit2', 'A', 'moi', sysdate, 1);
INSERT INTO RAPPORT_GABARIT (ID, CODE_APPLICATION, CODE_CLIENT, CODE_GABARIT, NOM, CODE_STATUT, CREE_PAR, DATE_CREATION, VERSION) VALUES (3, 'BIDON', 'CLI', 'GAB3', 'gabarit3', 'I', 'moi', sysdate, 1);

INSERT INTO RAPPORT_GABARIT_METADONNEE(RAPPORT_GABARIT_ID, RAPPORT_METADONNEE_ID) VALUES (1, 1); 
INSERT INTO RAPPORT_GABARIT_METADONNEE(RAPPORT_GABARIT_ID, RAPPORT_METADONNEE_ID) VALUES (1, 2); 
INSERT INTO RAPPORT_GABARIT_METADONNEE(RAPPORT_GABARIT_ID, RAPPORT_METADONNEE_ID) VALUES (1, 3); 
INSERT INTO RAPPORT_GABARIT_METADONNEE(RAPPORT_GABARIT_ID, RAPPORT_METADONNEE_ID) VALUES (1, 4); 
INSERT INTO RAPPORT_GABARIT_METADONNEE(RAPPORT_GABARIT_ID, RAPPORT_METADONNEE_ID) VALUES (1, 5); 
INSERT INTO RAPPORT_GABARIT_METADONNEE(RAPPORT_GABARIT_ID, RAPPORT_METADONNEE_ID) VALUES (1, 6); 
INSERT INTO RAPPORT_GABARIT_METADONNEE(RAPPORT_GABARIT_ID, RAPPORT_METADONNEE_ID) VALUES (1, 7); 
INSERT INTO RAPPORT_GABARIT_METADONNEE(RAPPORT_GABARIT_ID, RAPPORT_METADONNEE_ID) VALUES (1, 8); 

INSERT INTO RAPPORT_TRAITEMENT(ID, CODE_APPLICATION, CODE_CLIENT, RAPPORT_METADONNEE_ID, CODE_ETAT_TRAITEMENT, DATE_TRAITEMENT, NOMBRE_PERIODE, CREE_PAR, DATE_CREATION, VERSION)
VALUES (1, 'BIDON', 'CLI', 1, 'A_TRAITER', sysdate, 1, 'moi', sysdate, 1);
INSERT INTO RAPPORT_TRAITEMENT(ID, CODE_APPLICATION, CODE_CLIENT, RAPPORT_METADONNEE_ID, CODE_ETAT_TRAITEMENT, DATE_TRAITEMENT, NOMBRE_PERIODE, CREE_PAR, DATE_CREATION, VERSION)
VALUES (2, 'BIDON', 'CLI', 2, 'A_TRAITER', sysdate, 1, 'moi', sysdate, 1);   
INSERT INTO RAPPORT_TRAITEMENT(ID, CODE_APPLICATION, CODE_CLIENT, RAPPORT_METADONNEE_ID, CODE_ETAT_TRAITEMENT, DATE_TRAITEMENT, NOMBRE_PERIODE, CREE_PAR, DATE_CREATION, VERSION)
VALUES (3, 'INFRA_SOFI', 'CLI', 3, 'A_TRAITER', sysdate, 1, 'moi', sysdate, 1);
INSERT INTO RAPPORT_TRAITEMENT(ID, CODE_APPLICATION, CODE_CLIENT, RAPPORT_METADONNEE_ID, CODE_ETAT_TRAITEMENT, DATE_TRAITEMENT, NOMBRE_PERIODE, CREE_PAR, DATE_CREATION, VERSION)
VALUES (4, 'BIDON', 'CLI', 4, 'TRAITEE', sysdate, 1, 'moi', sysdate, 1);

INSERT INTO RAPPORT_RESULTAT(ID, CODE_APPLICATION, CODE_CLIENT, RAPPORT_METADONNEE_ID, VALEUR, DATE_RESULTAT, NOMBRE_PERIODE, CREE_PAR, DATE_CREATION, VERSION) 
VALUES (1, 'BIDON', 'CLI', 1, '10', '2013-02-06', 1, 'moi', sysdate, 1);
INSERT INTO RAPPORT_RESULTAT(ID, CODE_APPLICATION, CODE_CLIENT, RAPPORT_METADONNEE_ID, VALEUR, DATE_RESULTAT, NOMBRE_PERIODE, CREE_PAR, DATE_CREATION, VERSION) 
VALUES (2, 'BIDON', 'CLI', 1, '20', '2013-02-07', 1, 'moi', sysdate, 1);
INSERT INTO RAPPORT_RESULTAT(ID, CODE_APPLICATION, CODE_CLIENT, RAPPORT_METADONNEE_ID, VALEUR, DATE_RESULTAT, NOMBRE_PERIODE, CREE_PAR, DATE_CREATION, VERSION) 
VALUES (3, 'BIDON', 'CLI', 1, '30', '2013-02-08', 1, 'moi', sysdate, 1);
INSERT INTO RAPPORT_RESULTAT(ID, CODE_APPLICATION, CODE_CLIENT, RAPPORT_METADONNEE_ID, VALEUR, DATE_RESULTAT, NOMBRE_PERIODE, CREE_PAR, DATE_CREATION, VERSION) 
VALUES (4, 'BIDON', 'CLI', 1, '40.554643', '2013-02-09', 1, 'moi', sysdate, 1);
INSERT INTO RAPPORT_RESULTAT(ID, CODE_APPLICATION, CODE_CLIENT, RAPPORT_METADONNEE_ID, VALEUR, DATE_RESULTAT, NOMBRE_PERIODE, CREE_PAR, DATE_CREATION, VERSION) 
VALUES (5, 'BIDON', 'CLI', 2, '50', '2013-02-09', 1, 'moi', sysdate, 1);
INSERT INTO RAPPORT_RESULTAT(ID, CODE_APPLICATION, CODE_CLIENT, RAPPORT_METADONNEE_ID, VALEUR, DATE_RESULTAT, NOMBRE_PERIODE, CREE_PAR, DATE_CREATION, VERSION) 
VALUES (6, 'BIDON', 'CLI', 3, '60', '2013-02-09', 1, 'moi', sysdate, 1);
INSERT INTO RAPPORT_RESULTAT(ID, CODE_APPLICATION, CODE_CLIENT, RAPPORT_METADONNEE_ID, VALEUR, DATE_RESULTAT, NOMBRE_PERIODE, CREE_PAR, DATE_CREATION, VERSION) 
VALUES (7, 'BIDON', 'CLI', 1, '70', '2013-02-10', 1, 'moi', sysdate, 1);
INSERT INTO RAPPORT_RESULTAT(ID, CODE_APPLICATION, CODE_CLIENT, RAPPORT_METADONNEE_ID, VALEUR, DATE_RESULTAT, NOMBRE_PERIODE, CREE_PAR, DATE_CREATION, VERSION) 
VALUES (8, 'BIDON', 'CLI', 1, '80', '2013-02-11', 1, 'moi', sysdate, 1);
INSERT INTO RAPPORT_RESULTAT(ID, CODE_APPLICATION, CODE_CLIENT, RAPPORT_METADONNEE_ID, VALEUR, DATE_RESULTAT, NOMBRE_PERIODE, CREE_PAR, DATE_CREATION, VERSION) 
VALUES (9, 'BIDON', 'CLI', 1, '90', '2013-02-12', 1, 'moi', sysdate, 1);


